<?xml version="1.0" encoding="UTF-8"?>
<config xmlns="http://www.knime.org/2008/09/XMLConfig" xmlns:xsi="http://www.w3.org/2001/XMLSchema-instance" xsi:schemaLocation="http://www.knime.org/2008/09/XMLConfig http://www.knime.org/XMLConfig_2008_09.xsd" key="MiningSchema">
<config key="learning">
<entry key="array-size" type="xint" value="22"/>
<entry key="0" type="xstring" value="wyksztaĹ‚cenie"/>
<entry key="1" type="xstring" value="wiek"/>
<entry key="2" type="xstring" value="pĹ‚eÄ‡"/>
<entry key="3" type="xstring" value="profil-kierunek"/>
<entry key="4" type="xstring" value="pochodzenie"/>
<entry key="5" type="xstring" value="osoby na utrzymaniu"/>
<entry key="6" type="xstring" value="dochĂłd rodziny"/>
<entry key="7" type="xstring" value="rodzaj ukoĹ„czonej szkoĹ‚y"/>
<entry key="8" type="xstring" value="iloĹ›Ä‡ absolwentĂłw"/>
<entry key="9" type="xstring" value="nazwa szkoĹ‚y"/>
<entry key="10" type="xstring" value="ostatnia praca"/>
<entry key="11" type="xstring" value="okres budowy mieszkania"/>
<entry key="12" type="xstring" value="osĂłb na izbÄ™"/>
<entry key="13" type="xstring" value="powierzchnia na osobÄ™"/>
<entry key="14" type="xstring" value="ilosc izb"/>
<entry key="15" type="xstring" value="wodociÄ…gi"/>
<entry key="16" type="xstring" value="Ĺ‚azienka"/>
<entry key="17" type="xstring" value="ciepĹ‚a woda"/>
<entry key="18" type="xstring" value="gaz"/>
<entry key="19" type="xstring" value="niepeĹ‚nosprawnoĹ›Ä‡"/>
<entry key="20" type="xstring" value="stan cywilny"/>
<entry key="21" type="xstring" value="rodzaj ogrzewania"/>
</config>
<config key="target">
<entry key="array-size" type="xint" value="1"/>
<entry key="0" type="xstring" value="status bezrobotnego"/>
</config>
</config>
